{"cameraMode":{"drawMode":0,"name":"Shaded","section":"Shading Mode"},"sceneLighting":true,"audioPlay":false,"sceneViewState":{"showFog":true,"showMaterialUpdate":true,"showSkybox":true,"showFlares":true,"showImageEffects":true,"showParticleSystems":true},"in2DMode":false,"pivot":{"x":-2.0177083015441896,"y":1.5255248546600342,"z":0.8133450746536255},"rotation":{"x":-0.025862466543912889,"y":0.6296840906143189,"z":-0.020982729271054269,"w":-0.7761371731758118},"size":7.2021684646606449,"orthographic":false}