{"cameraMode":{"drawMode":0,"name":"Shaded","section":"Shading Mode"},"sceneLighting":false,"audioPlay":false,"sceneViewState":{"showFog":true,"showMaterialUpdate":false,"showSkybox":true,"showFlares":true,"showImageEffects":true,"showParticleSystems":true},"in2DMode":false,"pivot":{"x":-3.559088706970215,"y":4.16185998916626,"z":1.9472317695617676},"rotation":{"x":0.2734706401824951,"y":-0.25907251238822939,"z":0.07674699276685715,"w":0.9231496453285217},"size":500.8172912597656,"orthographic":false}