{"cameraMode":{"drawMode":0,"name":"Shaded","section":"Shading Mode"},"sceneLighting":true,"audioPlay":false,"sceneViewState":{"showFog":true,"showMaterialUpdate":false,"showSkybox":true,"showFlares":true,"showImageEffects":true,"showParticleSystems":true},"in2DMode":false,"pivot":{"x":-7.833802223205566,"y":-25.19266128540039,"z":7.934231758117676},"rotation":{"x":0.4736695885658264,"y":-0.26433083415031435,"z":0.15152177214622498,"w":0.8263216614723206},"size":41.376922607421878,"orthographic":false}