{"cameraMode":{"drawMode":0,"name":"Shaded","section":"Shading Mode"},"sceneLighting":false,"audioPlay":false,"sceneViewState":{"showFog":true,"showMaterialUpdate":false,"showSkybox":true,"showFlares":true,"showImageEffects":true,"showParticleSystems":true},"in2DMode":false,"pivot":{"x":-1.987790584564209,"y":0.3926023244857788,"z":-1.163794994354248},"rotation":{"x":-0.05593434348702431,"y":-0.2907126843929291,"z":0.01702582836151123,"w":-0.9550223350524902},"size":-3.3392884731292726,"orthographic":false}