{"cameraMode":{"drawMode":0,"name":"Shaded","section":"Shading Mode"},"sceneLighting":false,"audioPlay":false,"sceneViewState":{"showFog":true,"showMaterialUpdate":false,"showSkybox":true,"showFlares":true,"showImageEffects":true,"showParticleSystems":true},"in2DMode":false,"pivot":{"x":-24.552837371826173,"y":24.086734771728517,"z":60.35685729980469},"rotation":{"x":0.04585236310958862,"y":0.4856713116168976,"z":-0.025521613657474519,"w":0.8725650310516357},"size":43.29534149169922,"orthographic":false}